{"stat.pickup.minecraft.log":1,"stat.flyOneCm":8573,"stat.walkOneCm":2074,"stat.jump":52,"stat.mineBlock.minecraft.leaves":1,"stat.swimOneCm":682,"stat.playOneMinute":2386,"stat.fallOneCm":1627,"stat.leaveGame":1,"stat.sneakTime":11,"stat.damageTaken":20,"stat.damageDealt":40,"stat.timeSinceDeath":2386,"stat.pickup.minecraft.dirt":1,"stat.sprintOneCm":6944,"stat.mineBlock.minecraft.dirt":1,"stat.useItem.minecraft.stone_slab2":1,"stat.mineBlock.minecraft.log":1,"stat.mineBlock.minecraft.tallgrass":1,"stat.diveOneCm":2261}